drop table advisor;
drop table student;
drop table instructor;
drop table classroom;
drop table department;
drop table course;
create table classroom
	(building		string(15),
	 room_number    int,
	 capacity		int,
	 primary key (room_number)
	);

create table department
	(dept_name		string(20),
	 building		string(15),
	 budget		    double,
	 primary key (dept_name)
	);

create table course
	(course_id		string(8),
	 title			string(50),
	 dept_name		string(20),
	 credits		int,
	 primary key (course_id)
	);

create table instructor
	(ID		    	string(5),
	 name			string(20) not null,
	 dept_name		string(20),
	 salary			double,
	 primary key (ID)
	);

create table student
	(ID			    string(5),
	 name			string(20) not null,
	 dept_name		string(20),
	 tot_cred		int,
	 primary key (ID)
	);

create table advisor
	(s_ID			string(5),
	 i_ID			string(5),
	 primary key (s_ID)
	);
insert into classroom values('Chandler', 375, 10);
insert into classroom values('Fairchild', 145, 27);
insert into classroom values('Nassau', 45, 92);
insert into classroom values('Grace', 40, 34);
insert into classroom values('Whitman', 134, 120);
insert into classroom values('Taylor', 812, 115);
insert into classroom values('Saucon', 113, 109);
insert into classroom values('Painter', 86, 97);
insert into classroom values('Alumni', 547, 26);
insert into classroom values('Alumni', 143, 47);
insert into classroom values('Drown', 757, 18);
insert into classroom values('Saucon', 180, 15);
insert into classroom values('Whitman', 434, 32);
insert into classroom values('Saucon', 844, 24);
insert into classroom values('Bronfman', 700, 12);
insert into classroom values('Polya', 808, 28);
insert into classroom values('Gates', 707, 65);
insert into classroom values('Gates', 314, 10);
insert into classroom values('Taylor', 183, 71);
insert into classroom values('Power', 972, 10);
insert into classroom values('Garfield', 119, 59);
insert into classroom values('Rathbone', 261, 60);
insert into classroom values('Stabler', 105, 113);
insert into classroom values('Power', 717, 12);
insert into classroom values('Main', 425, 22);
insert into classroom values('Lambeau', 348, 51);
insert into classroom values('Chandler', 804, 11);
insert into department values('Civil Eng.', 'Chandler', 255041.46);
insert into department values('Biology', 'Candlestick', 647610.55);
insert into department values('History', 'Taylor', 699140.86);
insert into department values('Physics', 'Wrigley', 942162.76);
insert into department values('Marketing', 'Lambeau', 210627.58);
insert into department values('Pol. Sci.', 'Whitman', 573745.09);
insert into department values('English', 'Palmer', 611042.66);
insert into department values('Accounting', 'Saucon', 441840.92);
insert into department values('Comp. Sci.', 'Lamberton', 106378.69);
insert into department values('Languages', 'Linderman', 601283.60);
insert into department values('Finance', 'Candlestick', 866831.75);
insert into department values('Geology', 'Palmer', 406557.93);
insert into department values('Cybernetics', 'Mercer', 794541.46);
insert into department values('Astronomy', 'Taylor', 617253.94);
insert into department values('Athletics', 'Bronfman', 734550.70);
insert into department values('Statistics', 'Taylor', 395051.74);
insert into department values('Psychology', 'Thompson', 848175.04);
insert into department values('Math', 'Brodhead', 777605.11);
insert into department values('Elec. Eng.', 'Main', 276527.61);
insert into department values('Mech. Eng.', 'Rauch', 520350.65);
insert into course values('787', 'C  Programming', 'Mech. Eng.', 4);
insert into course values('238', 'The Music of Donovan', 'Mech. Eng.', 3);
insert into course values('608', 'Electron Microscopy', 'Mech. Eng.', 3);
insert into course values('539', 'International Finance', 'Comp. Sci.', 3);
insert into course values('278', 'Greek Tragedy', 'Statistics', 4);
insert into course values('972', 'Greek Tragedy', 'Psychology', 4);
insert into course values('482', 'FOCAL Programming', 'Psychology', 4);
insert into course values('581', 'Calculus', 'Pol. Sci.', 4);
insert into course values('843', 'Environmental Law', 'Math', 4);
insert into course values('679', 'The Beatles', 'Math', 3);
insert into course values('704', 'Marine Mammals', 'Geology', 4);
insert into course values('774', 'Game Programming', 'Cybernetics', 4);
insert into course values('591', 'Shakespeare', 'Pol. Sci.', 4);
insert into course values('319', 'World History', 'Finance', 4);
insert into course values('960', 'Tort Law', 'Civil Eng.', 3);
insert into course values('274', 'Corporate Law', 'Comp. Sci.', 4);
insert into course values('426', 'Video Gaming', 'Finance', 3);
insert into course values('852', 'World History', 'Athletics', 4);
insert into course values('408', 'Bankruptcy', 'Accounting', 3);
insert into course values('808', 'Organic Chemistry', 'English', 4);
insert into course values('902', 'Existentialism', 'Finance', 3);
insert into course values('730', 'Quantum Mechanics', 'Elec. Eng.', 4);
insert into course values('362', 'Embedded Systems', 'Finance', 4);
insert into course values('341', 'Quantum Mechanics', 'Cybernetics', 3);
insert into course values('582', 'Marine Mammals', 'Cybernetics', 3);
insert into course values('867', 'The IBM 360 Architecture', 'History', 3);
insert into course values('169', 'Marine Mammals', 'Elec. Eng.', 3);
insert into course values('680', 'Electricity and Magnetism', 'Civil Eng.', 3);
insert into course values('227', 'Elastic Structures', 'Languages', 4);
insert into course values('991', 'Transaction Processing', 'Psychology', 3);
insert into course values('366', 'Computational Biology', 'English', 3);
insert into course values('376', 'Cost Accounting', 'Physics', 4);
insert into course values('489', 'Journalism', 'Astronomy', 4);
insert into course values('663', 'Geology', 'Psychology', 3);
insert into course values('461', 'Physical Chemistry', 'Math', 3);
insert into course values('105', 'Image Processing', 'Astronomy', 3);
insert into course values('407', 'Industrial Organization', 'Languages', 4);
insert into course values('254', 'Security', 'Cybernetics', 3);
insert into course values('998', 'Immunology', 'Civil Eng.', 4);
insert into course values('457', 'Systems Software', 'History', 3);
insert into course values('401', 'Sanitary Engineering', 'Athletics', 4);
insert into course values('127', 'Thermodynamics', 'Geology', 3);
insert into course values('399', 'RPG Programming', 'Pol. Sci.', 4);
insert into course values('949', 'Japanese', 'Comp. Sci.', 3);
insert into course values('496', 'Aquatic Chemistry', 'Cybernetics', 3);
insert into course values('334', 'International Trade', 'Athletics', 3);
insert into course values('544', 'Differential Geometry', 'Statistics', 3);
insert into course values('451', 'Database System Concepts', 'Pol. Sci.', 4);
insert into course values('190', 'Romantic Literature', 'Civil Eng.', 3);
insert into course values('630', 'Religion', 'English', 3);
insert into course values('761', 'Existentialism', 'Athletics', 3);
insert into course values('804', 'Introduction to Burglary', 'Cybernetics', 4);
insert into course values('781', 'Compiler Design', 'Finance', 4);
insert into course values('805', 'Composition and Literature', 'Statistics', 4);
insert into course values('318', 'Geology', 'Cybernetics', 3);
insert into course values('353', 'Operating Systems', 'Psychology', 3);
insert into course values('394', 'C  Programming', 'Athletics', 3);
insert into course values('137', 'Manufacturing', 'Finance', 3);
insert into course values('192', 'Drama', 'Languages', 4);
insert into course values('681', 'Medieval Civilization or Lack Thereof', 'English', 3);
insert into course values('377', 'Differential Geometry', 'Astronomy', 4);
insert into course values('959', 'Bacteriology', 'Physics', 4);
insert into course values('235', 'International Trade', 'Math', 3);
insert into course values('421', 'Aquatic Chemistry', 'Athletics', 4);
insert into course values('647', 'Service-Oriented Architectures', 'Comp. Sci.', 4);
insert into course values('598', 'Number Theory', 'Accounting', 4);
insert into course values('858', 'Sailing', 'Math', 4);
insert into course values('487', 'Physical Chemistry', 'History', 3);
insert into course values('133', 'Antidisestablishmentarianism in Modern America', 'Biology', 4);
insert into course values('267', 'Hydraulics', 'Physics', 4);
insert into course values('200', 'The Music of the Ramones', 'Accounting', 4);
insert into course values('664', 'Elastic Structures', 'English', 3);
insert into course values('599', 'Mechanics', 'Psychology', 4);
insert into course values('456', 'Hebrew', 'Civil Eng.', 3);
insert into course values('558', 'Environmental Law', 'Psychology', 3);
insert into course values('919', 'Computability Theory', 'Math', 3);
insert into course values('546', 'Creative Writing', 'Mech. Eng.', 4);
insert into course values('969', 'The Monkeys', 'Astronomy', 4);
insert into course values('877', 'Composition and Literature', 'Biology', 4);
insert into course values('337', 'Differential Geometry', 'Statistics', 3);
insert into course values('983', 'Virology', 'Languages', 4);
insert into course values('603', 'Care and Feeding of Cats', 'Statistics', 3);
insert into course values('747', 'International Practicum', 'Comp. Sci.', 4);
insert into course values('659', 'Geology', 'Math', 4);
insert into course values('559', 'Martian History', 'Biology', 3);
insert into course values('403', 'Immunology', 'Biology', 3);
insert into course values('436', 'Stream Processing', 'Physics', 4);
insert into course values('656', 'Groups and Rings', 'Civil Eng.', 4);
insert into course values('731', 'The Music of Donovan', 'Physics', 4);
insert into course values('820', 'Assembly Language Programming', 'Cybernetics', 3);
insert into course values('898', 'Petroleum Engineering', 'Marketing', 4);
insert into course values('545', 'International Practicum', 'History', 3);
insert into course values('893', 'Systems Software', 'Cybernetics', 3);
insert into course values('818', 'Environmental Law', 'Astronomy', 4);
insert into course values('618', 'Thermodynamics', 'English', 4);
insert into course values('416', 'Data Mining', 'Accounting', 3);
insert into course values('716', 'Medieval Civilization or Lack Thereof', 'Languages', 4);
insert into course values('130', 'Differential Geometry', 'Physics', 3);
insert into course values('476', 'International Communication', 'Astronomy', 4);
insert into course values('101', 'Diffusion and Phase Transformation', 'Mech. Eng.', 3);
insert into course values('123', 'Differential Equations', 'Mech. Eng.', 3);
insert into course values('209', 'International Trade', 'Cybernetics', 4);
insert into course values('352', 'Compiler Design', 'Psychology', 4);
insert into course values('393', 'Aerodynamics', 'Languages', 3);
insert into course values('795', 'Death and Taxes', 'Marketing', 3);
insert into course values('577', 'The Music of Dave Edmunds', 'Elec. Eng.', 3);
insert into course values('584', 'Computability Theory', 'Comp. Sci.', 3);
insert into course values('864', 'Heat Transfer', 'Geology', 3);
insert into course values('594', 'Cognitive Psychology', 'Finance', 3);
insert into course values('802', 'African History', 'Cybernetics', 3);
insert into course values('692', 'Cat Herding', 'Athletics', 3);
insert into course values('258', 'Colloid and Surface Chemistry', 'Math', 3);
insert into course values('748', 'Tort Law', 'Cybernetics', 4);
insert into course values('770', 'European History', 'Pol. Sci.', 3);
insert into course values('340', 'Corporate Law', 'History', 3);
insert into course values('158', 'Elastic Structures', 'Cybernetics', 3);
insert into course values('276', 'Game Design', 'Comp. Sci.', 4);
insert into course values('626', 'Multimedia Design', 'History', 4);
insert into course values('696', 'Heat Transfer', 'Marketing', 4);
insert into course values('239', 'The Music of the Ramones', 'Physics', 4);
insert into course values('962', 'Animal Behavior', 'Psychology', 3);
insert into course values('527', 'Graphics', 'Finance', 3);
insert into course values('275', 'Romantic Literature', 'Languages', 3);
insert into course values('549', 'Banking and Finance', 'Astronomy', 3);
insert into course values('974', 'Astronautics', 'Accounting', 3);
insert into course values('897', 'How to Succeed in Business Without Really Trying', 'Languages', 4);
insert into course values('359', 'Game Programming', 'Comp. Sci.', 4);
insert into course values('345', 'Race Car Driving', 'Accounting', 4);
insert into course values('371', 'Milton', 'Finance', 3);
insert into course values('284', 'Topology', 'Comp. Sci.', 4);
insert into instructor values('63395', 'McKinnon', 'Cybernetics', 94333.99);
insert into instructor values('78699', 'Pingr', 'Statistics', 59303.62);
insert into instructor values('96895', 'Mird', 'Marketing', 119921.41);
insert into instructor values('4233', 'Luo', 'English', 88791.45);
insert into instructor values('4034', 'Murata', 'Athletics', 61387.56);
insert into instructor values('50885', 'Konstantinides', 'Languages', 32570.50);
insert into instructor values('79653', 'Levine', 'Elec. Eng.', 89805.83);
insert into instructor values('50330', 'Shuming', 'Physics', 108011.81);
insert into instructor values('80759', 'Queiroz', 'Biology', 45538.32);
insert into instructor values('73623', 'Sullivan', 'Elec. Eng.', 90038.09);
insert into instructor values('97302', 'Bertolino', 'Mech. Eng.', 51647.57);
insert into instructor values('57184', 'Hau', 'Accounting', 43966.29);
insert into instructor values('7420', 'Voronina', 'Physics', 121141.99);
insert into instructor values('3579', 'Soisalon-Soininen', 'Psychology', 62579.61);
insert into instructor values('31955', 'Moreira', 'Accounting', 71351.42);
insert into instructor values('37687', 'Arias', 'Statistics', 104563.38);
insert into instructor values('6569', 'Mingoz', 'Finance', 105311.38);
insert into instructor values('16807', 'Yazdi', 'Athletics', 98333.65);
insert into instructor values('14365', 'Lembr', 'Accounting', 32241.56);
insert into instructor values('90643', 'Choll', 'Statistics', 57807.09);
insert into instructor values('81991', 'Valtchev', 'Biology', 77036.18);
insert into instructor values('9030', 'Arinb', 'Statistics', 54805.11);
insert into instructor values('15347', 'Bawa', 'Athletics', 72140.88);
insert into instructor values('74426', 'Kenje', 'Marketing', 106554.73);
insert into instructor values('42782', 'Vicentino', 'Elec. Eng.', 34272.67);
insert into instructor values('58558', 'Dusserre', 'Marketing', 66143.25);
insert into instructor values('63287', 'Jaekel', 'Athletics', 103146.87);
insert into instructor values('59795', 'Desyl', 'Languages', 48803.38);
insert into instructor values('2291', 'DAgostino', 'Psychology', 59706.49);
insert into instructor values('48570', 'Sarkar', 'Pol. Sci.', 87549.80);
insert into instructor values('79081', 'Ullman ', 'Accounting', 47307.10);
insert into instructor values('52647', 'Bancilhon', 'Pol. Sci.', 87958.01);
insert into instructor values('2596', 'Liley', 'Languages', 90891.69);
insert into instructor values('36897', 'Morris', 'Marketing', 43770.36);
insert into instructor values('72553', 'Yin', 'English', 46397.59);
insert into instructor values('3199', 'Gustafsson', 'Elec. Eng.', 82534.37);
insert into instructor values('34175', 'Bondi', 'Comp. Sci.', 115469.11);
insert into instructor values('48507', 'Lent', 'Mech. Eng.', 107978.47);
insert into student values('55698', 'Choung', 'Finance', 67);
insert into student values('49684', 'Ceze', 'Civil Eng.', 50);
insert into student values('59908', 'Cox', 'Civil Eng.', 0);
insert into student values('64724', 'Deupree', 'Cybernetics', 36);
insert into student values('19048', 'Leuen', 'Statistics', 122);
insert into student values('62716', 'Bocchi', 'Math', 33);
insert into student values('95205', 'Hammond', 'Athletics', 115);
insert into student values('40303', 'Rudolf', 'Marketing', 25);
insert into student values('27430', 'Gonzalez', 'Cybernetics', 75);
insert into student values('83953', 'Jordan', 'Math', 26);
insert into student values('4248', 'Wright', 'Finance', 63);
insert into student values('21766', 'Cox', 'Astronomy', 74);
insert into student values('39657', 'Ryder', 'Astronomy', 80);
insert into student values('85366', 'Erol', 'Finance', 112);
insert into student values('93354', 'Varghese', 'English', 88);
insert into student values('77580', 'Frazin', 'Civil Eng.', 46);
insert into student values('92864', 'Rogers', 'Accounting', 54);
insert into student values('57135', 'Margetts', 'Marketing', 66);
insert into student values('1727', 'Ratcliff', 'Mech. Eng.', 49);
insert into student values('91788', 'Streitf', 'Cybernetics', 56);
insert into student values('80420', 'Bansal', 'Statistics', 69);
insert into student values('67810', 'Forestiero', 'English', 114);
insert into student values('86404', 'Cordt', 'Marketing', 1);
insert into student values('16907', 'Keiss', 'Accounting', 59);
insert into student values('46928', 'Barry', 'Athletics', 108);
insert into student values('84702', 'Lucas', 'Math', 105);
insert into student values('91343', 'Clarkson', 'Statistics', 42);
insert into student values('83686', 'Krasser', 'Statistics', 95);
insert into student values('83462', 'Mehra', 'Accounting', 55);
insert into student values('67725', 'Yamamoto', 'Pol. Sci.', 35);
insert into student values('5393', 'Clemens', 'Mech. Eng.', 4);
insert into student values('34422', 'Nakajima', 'Mech. Eng.', 86);
insert into student values('17128', 'Chuon', 'Civil Eng.', 81);
insert into student values('81883', 'Perei', 'Marketing', 124);
insert into student values('87965', 'Reiss', 'Accounting', 17);
insert into student values('93653', 'Mellor', 'Astronomy', 127);
insert into student values('70522', 'Holn', 'Comp. Sci.', 29);
insert into student values('48850', 'Wehen', 'Biology', 14);
insert into student values('68070', 'Cameron', 'Pol. Sci.', 85);
insert into student values('50206', 'Cesaret', 'Mech. Eng.', 102);
insert into student values('80254', 'Mittelm', 'Languages', 122);
insert into student values('22396', 'Wodn', 'Biology', 100);
insert into student values('19293', 'Singhal', 'Geology', 118);
insert into student values('67660', 'Newitt', 'Biology', 64);
insert into student values('85910', 'Levitan', 'Finance', 73);
insert into student values('10917', 'Morales', 'Cybernetics', 54);
insert into student values('95574', 'Pampal', 'Comp. Sci.', 111);
insert into student values('13081', 'Alqui', 'Languages', 112);
insert into student values('33349', 'Peck', 'Biology', 125);
insert into student values('19861', 'Fontana', 'Civil Eng.', 81);
insert into student values('30723', 'Mali', 'Physics', 115);
insert into student values('83039', 'Harmon', 'Psychology', 124);
insert into student values('41741', 'Kato', 'Languages', 94);
insert into student values('97400', 'Noda', 'Accounting', 62);
insert into student values('81207', 'Masri', 'Athletics', 123);
insert into student values('23994', 'Kalisz', 'Elec. Eng.', 75);
insert into student values('69850', 'Alexandri', 'Finance', 80);
insert into student values('59397', 'Williams', 'Statistics', 126);
insert into student values('61127', 'Tuki', 'Physics', 30);
insert into student values('30299', 'Marsh', 'Geology', 38);
insert into student values('57962', 'Aarde', 'Statistics', 22);
insert into student values('88169', 'Schroeder', 'Cybernetics', 106);
insert into student values('27094', 'Gur', 'Geology', 120);
insert into student values('39115', 'Boulah', 'Civil Eng.', 2);
insert into student values('84189', 'Kuwadak', 'Statistics', 119);
insert into student values('79892', 'Chiari', 'Cybernetics', 76);
insert into student values('95046', 'Mercank', 'Astronomy', 100);
insert into student values('34386', 'Hagedorn', 'History', 98);
insert into student values('82646', 'Nirenbu', 'Biology', 0);
insert into student values('31086', 'Zulueta', 'Psychology', 125);
insert into student values('85226', 'Vicentino', 'Psychology', 18);
insert into student values('32490', 'McCracken', 'Comp. Sci.', 117);
insert into student values('39704', 'Frank', 'Statistics', 31);
insert into student values('80610', 'Nakamura', 'Physics', 79);
insert into student values('18675', 'Araya', 'Statistics', 82);
insert into student values('47630', 'Odell', 'Cybernetics', 77);
insert into student values('36102', 'Szendrei', 'Cybernetics', 109);
insert into student values('22620', 'Lykin', 'Accounting', 18);
insert into student values('39157', 'Loull', 'Accounting', 0);
insert into student values('86327', 'Moscarini', 'Marketing', 31);
insert into student values('84865', 'Fernandez-Gonzalez', 'Finance', 20);
insert into student values('83557', 'Khalil', 'Psychology', 95);
insert into student values('7490', 'Giuffrida', 'Math', 39);
insert into student values('94178', 'Bengtss', 'Psychology', 47);
insert into student values('99660', 'OMalley', 'Civil Eng.', 128);
insert into student values('57511', 'Pulido', 'English', 78);
insert into student values('56941', 'Swain', 'Astronomy', 17);
insert into student values('77415', 'Morales', 'Astronomy', 102);
insert into student values('99754', 'Califieri', 'Cybernetics', 55);
insert into student values('81550', 'Harada', 'Elec. Eng.', 98);
insert into student values('79911', 'Corr', 'Physics', 117);
insert into student values('82082', 'Towsey', 'Statistics', 12);
insert into student values('58846', 'Fengl', 'Pol. Sci.', 66);
insert into student values('11076', 'Prasad', 'Pol. Sci.', 114);
insert into student values('7204', 'Halbert', 'Biology', 83);
insert into student values('73165', 'Fox', 'Statistics', 19);
insert into student values('1737', 'Shinagawa', 'Biology', 118);
insert into student values('12979', 'Hammond', 'Elec. Eng.', 5);
insert into student values('57334', 'Roeder', 'Math', 70);
insert into student values('1827', 'Westbrook', 'Civil Eng.', 61);
insert into student values('29390', 'Aufr', 'Geology', 49);
insert into student values('31302', 'Qian', 'Geology', 110);
insert into student values('77231', 'Roschew', 'History', 38);
insert into student values('36126', 'Fung', 'Astronomy', 47);
insert into student values('45200', 'Kitagawa', 'Elec. Eng.', 125);
insert into student values('99463', 'Jacobi', 'Statistics', 19);
insert into student values('79170', 'Lingamp', 'Cybernetics', 28);
insert into student values('12216', 'Griffiths', 'Cybernetics', 94);
insert into student values('64593', 'Kamez', 'Mech. Eng.', 8);
insert into student values('30177', 'Vajapeyaz', 'Pol. Sci.', 41);
insert into student values('15074', 'Kirtane', 'Physics', 36);
insert into student values('18007', 'Chanon', 'Biology', 90);
insert into student values('51723', 'Lagendijk', 'Comp. Sci.', 99);
insert into student values('56486', 'DeMil', 'Pol. Sci.', 110);
insert into student values('70359', 'Lorinczi', 'Cybernetics', 63);
insert into student values('18234', 'Nirenbu', 'Pol. Sci.', 19);
insert into student values('34322', 'Baba', 'Biology', 74);
insert into student values('24325', 'Álvarez', 'Cybernetics', 50);
insert into student values('83444', 'Vieira', 'Mech. Eng.', 115);
insert into student values('93814', 'Smoro', 'Marketing', 19);
insert into student values('80912', 'Homyk', 'Biology', 16);
insert into student values('70099', 'Zhiyong', 'Languages', 86);
insert into student values('64945', 'Gall', 'Mech. Eng.', 6);
insert into student values('81789', 'Urwin', 'Biology', 25);
insert into student values('38271', 'Kosken', 'Cybernetics', 100);
insert into student values('87784', 'McCracken', 'Astronomy', 64);
insert into student values('46436', 'Richardson', 'History', 52);
insert into student values('20195', 'Finney', 'Mech. Eng.', 7);
insert into student values('31080', 'Aschoff', 'Athletics', 88);
insert into student values('85887', 'Stoltzfus', 'Mech. Eng.', 15);
insert into student values('85234', 'Dubu', 'Finance', 69);
insert into student values('1460', 'Martinsen', 'History', 55);
insert into student values('30650', 'Chaudhuri', 'Languages', 101);
insert into student values('6474', 'Rossettin', 'Civil Eng.', 85);
insert into student values('67051', 'Labroc', 'Statistics', 70);
insert into student values('58300', 'Lum', 'Mech. Eng.', 8);
insert into student values('64192', 'Pradhan', 'Physics', 86);
insert into student values('84727', 'Hennig', 'Languages', 108);
insert into student values('39881', 'Herman', 'Athletics', 85);
insert into student values('3163', 'Riera', 'Biology', 55);
insert into student values('72643', 'Castle', 'Athletics', 49);
insert into student values('66008', 'Szczerban', 'Languages', 25);
insert into student values('76291', 'Dellwo', 'Physics', 30);
insert into student values('92274', 'Caporali', 'Pol. Sci.', 12);
insert into student values('16075', 'Wolter', 'Pol. Sci.', 45);
insert into student values('30334', 'Arakawa', 'Physics', 37);
insert into student values('75123', 'Chowdhury', 'Physics', 92);
insert into student values('35042', 'Nives', 'Comp. Sci.', 38);
insert into student values('99073', 'Bartels', 'Comp. Sci.', 6);
insert into student values('68280', 'Shuming', 'Languages', 123);
insert into student values('80976', 'Mozayani', 'Elec. Eng.', 34);
insert into student values('68554', 'Larsson', 'English', 60);
insert into student values('99949', 'Samo', 'Astronomy', 125);
insert into student values('71287', 'Damas', 'Marketing', 59);
insert into student values('73268', 'Yagit', 'Civil Eng.', 67);
insert into student values('93708', 'Steines', 'Psychology', 99);
insert into student values('29399', 'Sutter', 'Marketing', 38);
insert into student values('14284', 'Takeshi', 'Athletics', 32);
insert into student values('80247', 'Rueda', 'Mech. Eng.', 17);
insert into advisor values('24746', '19368');
insert into advisor values('79352', '95030');
insert into advisor values('76672', '22591');
insert into advisor values('14182', '77346');
insert into advisor values('44985', '31955');
insert into advisor values('96052', '73623');
insert into advisor values('35175', '90643');
insert into advisor values('44271', '58558');
insert into advisor values('40897', '73623');
insert into advisor values('92839', '25946');
insert into advisor values('79329', '58558');
insert into advisor values('97101', '48570');
insert into advisor values('24865', '6569');
insert into advisor values('36052', '31955');
insert into advisor values('98940', '99052');
insert into advisor values('21395', '58558');
insert into advisor values('55859', '28097');
insert into advisor values('74016', '74420');
insert into advisor values('93061', '64871');
insert into advisor values('94998', '50330');
insert into advisor values('30772', '57180');
insert into advisor values('1968', '3335');
insert into advisor values('90567', '48507');
insert into advisor values('49611', '58558');
insert into advisor values('81538', '59795');
insert into advisor values('68999', '6569');
insert into advisor values('74639', '41930');
insert into advisor values('66054', '25946');
insert into advisor values('792', '48507');
insert into advisor values('60267', '81991');
insert into advisor values('17769', '36897');
insert into advisor values('39580', '3199');
insert into advisor values('89106', '15347');
insert into advisor values('37856', '25946');
insert into advisor values('58307', '48507');
insert into advisor values('57985', '52647');
insert into advisor values('72014', '22591');
insert into advisor values('2795', '28400');
insert into advisor values('89000', '58558');
insert into advisor values('46442', '48570');
insert into advisor values('60040', '15347');
insert into advisor values('19791', '59795');
insert into advisor values('4582', '64871');
insert into advisor values('108', '77346');
insert into advisor values('1533', '50885');
insert into advisor values('7123', '65931');
insert into advisor values('44584', '64871');
insert into advisor values('32954', '90376');
insert into advisor values('98056', '73623');
insert into advisor values('76953', '79081');
insert into advisor values('81884', '3199');
insert into advisor values('22057', '48507');
insert into advisor values('21126', '52647');
insert into advisor values('82918', '81991');
insert into advisor values('4173', '25946');
insert into advisor values('83022', '64871');
insert into advisor values('25525', '96895');
insert into advisor values('75040', '80759');
insert into advisor values('31624', '41930');
insert into advisor values('64893', '96895');
insert into advisor values('59920', '72553');
insert into advisor values('38602', '77346');
insert into advisor values('21401', '79081');
insert into advisor values('93004', '15347');
insert into advisor values('38899', '37687');
insert into advisor values('75241', '28097');
insert into advisor values('98830', '80759');
insert into advisor values('37101', '80759');
insert into advisor values('4508', '28097');
insert into advisor values('32130', '16807');
insert into advisor values('56755', '79653');
insert into advisor values('11510', '95709');
insert into advisor values('3335', '74420');
insert into advisor values('61081', '80759');
insert into advisor values('33651', '96895');
insert into advisor values('8251', '73623');
insert into advisor values('10705', '6569');
insert into advisor values('64082', '74426');
insert into advisor values('59517', '34175');
insert into advisor values('91569', '14365');
insert into advisor values('88085', '28400');
insert into advisor values('96722', '58558');
insert into advisor values('36379', '42782');
insert into advisor values('69581', '25946');
insert into advisor values('65329', '3335');
insert into advisor values('49214', '4034');
insert into advisor values('64155', '36897');
insert into advisor values('58594', '74420');
insert into advisor values('71904', '95030');
insert into advisor values('69241', '72553');
insert into advisor values('58889', '3335');
insert into advisor values('30341', '79081');
insert into advisor values('70688', '97302');
insert into advisor values('81258', '58558');
insert into advisor values('63090', '25946');
insert into advisor values('70572', '35579');
insert into advisor values('58413', '28400');
insert into advisor values('93171', '6569');
insert into advisor values('35138', '41930');
insert into advisor values('77289', '59795');
insert into advisor values('93571', '57180');
insert into advisor values('14554', '22591');
insert into advisor values('46725', '90376');
insert into advisor values('99730', '3199');
insert into advisor values('10527', '36897');
insert into advisor values('898', '22591');
insert into advisor values('64297', '43779');
insert into advisor values('10204', '65931');
insert into advisor values('36926', '43779');
insert into advisor values('49618', '74426');
insert into advisor values('34329', '81991');
insert into advisor values('84410', '81991');
insert into advisor values('29435', '77346');
insert into advisor values('62636', '79081');
insert into advisor values('8483', '74426');
insert into advisor values('2177', '50330');
insert into advisor values('43348', '81991');
insert into advisor values('37430', '41930');
insert into advisor values('37586', '81991');
insert into advisor values('55238', '35579');
insert into advisor values('34404', '74426');
insert into advisor values('59539', '28400');
insert into advisor values('43123', '95030');
insert into advisor values('19582', '96895');
insert into advisor values('88553', '31955');
insert into advisor values('5898', '34175');
insert into advisor values('2419', '73623');
insert into advisor values('31516', '95030');
insert into advisor values('3487', '4034');
insert into advisor values('66269', '58558');
insert into advisor values('54622', '4034');
insert into advisor values('19638', '4034');
insert into advisor values('88418', '57180');
insert into advisor values('86802', '35579');
insert into advisor values('63361', '90643');
insert into advisor values('6367', '14365');
insert into advisor values('84239', '22591');
insert into advisor values('4940', '15347');
insert into advisor values('90663', '77346');
insert into advisor values('38476', '95030');
insert into advisor values('96003', '3335');
insert into advisor values('64914', '14365');
insert into advisor values('41599', '48507');
insert into advisor values('22226', '64871');
insert into advisor values('96153', '28097');
insert into advisor values('44998', '36897');
insert into advisor values('74163', '80759');
insert into advisor values('75046', '16807');
insert into advisor values('97679', '43779');
insert into advisor values('94894', '78699');
insert into advisor values('44881', '22591');
insert into advisor values('98619', '77346');
insert into advisor values('86753', '22591');
insert into advisor values('87054', '35579');
insert into advisor values('39046', '19368');
insert into advisor values('29031', '78699');
insert into advisor values('97355', '28400');
insert into advisor values('24010', '80759');
insert into advisor values('21789', '63395');
insert into advisor values('52157', '65931');
insert into advisor values('64938', '52647');
insert into advisor values('94535', '50885');
insert into advisor values('58595', '31955');
insert into advisor values('72979', '41930');
insert into advisor values('32506', '28097');
insert into advisor values('31690', '14365');
insert into advisor values('87044', '36897');
insert into advisor values('34236', '57180');
insert into advisor values('18808', '77346');
insert into advisor values('91063', '52647');
insert into advisor values('48462', '52647');
insert into advisor values('41965', '65931');
insert into advisor values('31137', '50330');
insert into advisor values('7602', '63287');
insert into advisor values('84845', '6569');
insert into advisor values('28252', '90643');
insert into advisor values('10736', '90643');
insert into advisor values('58465', '59795');
insert into advisor values('64140', '52647');
insert into advisor values('6523', '43779');
insert into advisor values('64067', '77346');
insert into advisor values('99399', '4034');
insert into advisor values('21337', '43779');
insert into advisor values('15457', '95709');
insert into advisor values('26102', '99052');
insert into advisor values('31337', '50330');
insert into advisor values('67425', '42782');
insert into advisor values('48640', '3335');
insert into advisor values('72741', '80759');
insert into advisor values('29803', '3199');
insert into advisor values('38895', '15347');
insert into advisor values('49391', '16807');
insert into advisor values('13741', '4034');
insert into advisor values('59538', '42782');
insert into advisor values('9360', '28097');
insert into advisor values('53728', '57180');
insert into advisor values('77898', '15347');
insert into advisor values('32419', '95030');
insert into advisor values('37521', '4034');
insert into advisor values('97065', '79653');
insert into advisor values('80057', '90376');
insert into advisor values('1826', '64871');
insert into advisor values('80285', '73623');
insert into advisor values('72959', '90643');
insert into advisor values('41751', '34175');
insert into advisor values('11604', '43779');
insert into advisor values('41827', '35579');
insert into advisor values('8853', '99052');
insert into advisor values('9440', '4233');
insert into advisor values('1884', '72553');
insert into advisor values('41774', '37687');
insert into advisor values('32385', '72553');
insert into advisor values('336', '28097');
insert into advisor values('82688', '79081');
insert into advisor values('66090', '35579');
insert into advisor values('4182', '63287');
insert into advisor values('20099', '95709');
insert into advisor values('81028', '78699');
insert into advisor values('27556', '28400');
insert into advisor values('65258', '6569');
insert into advisor values('29239', '65931');
insert into advisor values('54508', '80759');
insert into advisor values('37449', '63287');
insert into advisor values('16753', '96895');
insert into advisor values('82697', '63287');
insert into advisor values('11422', '37687');
insert into advisor values('59046', '19368');
insert into advisor values('89246', '35579');
insert into advisor values('95859', '6569');
insert into advisor values('94173', '43779');
insert into advisor values('70021', '96895');
insert into advisor values('92040', '19368');
insert into advisor values('36019', '96895');
insert into advisor values('40558', '79653');
insert into advisor values('62549', '77346');
insert into advisor values('92385', '50885');
insert into advisor values('14214', '22591');
insert into advisor values('32245', '15347');
insert into advisor values('13506', '90643');
insert into advisor values('26080', '6569');
insert into advisor values('52872', '28400');
insert into advisor values('28952', '74420');
insert into advisor values('1080', '25946');
insert into advisor values('11095', '48570');
insert into advisor values('33460', '95709');
insert into advisor values('99226', '79081');
insert into advisor values('52707', '64871');
insert into advisor values('40189', '22591');
insert into advisor values('35721', '43779');
insert into advisor values('6400', '80759');
insert into advisor values('60688', '73623');
insert into advisor values('18821', '59795');
insert into advisor values('65443', '95709');
insert into advisor values('71630', '48570');
insert into advisor values('46956', '48570');
insert into advisor values('64259', '64871');
insert into advisor values('77021', '73623');
insert into advisor values('41450', '77346');
insert into advisor values('13028', '78699');
insert into advisor values('90381', '16807');
insert into advisor values('9460', '3199');
insert into advisor values('98423', '64871');
insert into advisor values('38691', '28400');
insert into advisor values('86806', '48570');
insert into advisor values('18469', '97302');
insert into advisor values('11194', '16807');
insert into advisor values('19862', '48507');
insert into advisor values('24116', '16807');
insert into advisor values('67021', '65931');
insert into advisor values('69752', '16807');
insert into advisor values('69225', '50330');
insert into advisor values('1018', '79653');
insert into advisor values('7656', '63287');
insert into advisor values('35220', '80759');
insert into advisor values('79210', '34175');
insert into advisor values('10814', '4034');
insert into advisor values('55698', '25946');
insert into advisor values('49684', '95030');
insert into advisor values('59908', '15347');
insert into advisor values('64724', '35579');
insert into advisor values('19048', '73623');
insert into advisor values('62716', '90376');
insert into advisor values('95205', '25946');
insert into advisor values('40303', '99052');
insert into advisor values('27430', '48570');
insert into advisor values('83953', '50885');
insert into advisor values('4248', '15347');
insert into advisor values('21766', '22591');
insert into advisor values('39657', '28400');
insert into advisor values('85366', '48570');
insert into advisor values('93354', '52647');
insert into advisor values('77580', '41930');
insert into advisor values('92864', '74420');
insert into advisor values('57135', '50330');
insert into advisor values('1727', '77346');
insert into advisor values('91788', '15347');
insert into advisor values('80420', '3199');
insert into advisor values('67810', '79653');
insert into advisor values('86404', '43779');
insert into advisor values('16907', '78699');
insert into advisor values('46928', '3199');
insert into advisor values('84702', '14365');
insert into advisor values('91343', '15347');
insert into advisor values('83686', '90376');
insert into advisor values('83462', '97302');
insert into advisor values('67725', '74426');
insert into advisor values('5393', '41930');
insert into advisor values('34422', '79653');
insert into advisor values('17128', '4034');
insert into advisor values('81883', '50885');
insert into advisor values('87965', '74426');
insert into advisor values('93653', '15347');
insert into advisor values('70522', '50330');
insert into advisor values('48850', '36897');
insert into advisor values('68070', '73623');
insert into advisor values('50206', '81991');
insert into advisor values('80254', '79081');
insert into advisor values('22396', '48507');
insert into advisor values('19293', '73623');
insert into advisor values('67660', '42782');
insert into advisor values('85910', '79653');
insert into advisor values('10917', '77346');
insert into advisor values('95574', '95030');
insert into advisor values('13081', '96895');
insert into advisor values('33349', '78699');
insert into advisor values('19861', '25946');
insert into advisor values('30723', '74420');
insert into advisor values('83039', '74420');
insert into advisor values('41741', '43779');
insert into advisor values('97400', '90376');
insert into advisor values('81207', '43779');
insert into advisor values('23994', '57180');
insert into advisor values('54672', '77346');
insert into advisor values('47001', '50330');
insert into advisor values('26147', '78699');
insert into advisor values('65987', '36897');
insert into advisor values('99250', '73623');
insert into advisor values('13826', '31955');
insert into advisor values('3739', '99052');
insert into advisor values('10454', '37687');
insert into advisor values('48053', '35579');
insert into advisor values('66813', '95709');
insert into advisor values('16593', '80759');
insert into advisor values('14668', '80759');
insert into advisor values('33338', '95030');
insert into advisor values('45300', '37687');
insert into advisor values('3127', '35579');
insert into advisor values('40992', '63395');
insert into advisor values('70310', '90376');
insert into advisor values('46451', '90643');
insert into advisor values('288', '41930');
insert into advisor values('557', '63287');
insert into advisor values('22170', '73623');
insert into advisor values('64164', '72553');
insert into advisor values('74911', '59795');
insert into advisor values('7020', '31955');
insert into advisor values('78552', '4233');
insert into advisor values('50386', '48507');
insert into advisor values('48678', '6569');
insert into advisor values('24442', '74426');
insert into advisor values('89188', '80759');
insert into advisor values('390', '4233');
insert into advisor values('10663', '28097');
insert into advisor values('97551', '50330');
insert into advisor values('76895', '43779');
insert into advisor values('85451', '99052');
insert into advisor values('43989', '74426');
insert into advisor values('99719', '58558');
insert into advisor values('19245', '80759');
insert into advisor values('36685', '4034');
insert into advisor values('57123', '73623');
insert into advisor values('51997', '48570');
insert into advisor values('95631', '48507');
insert into advisor values('70452', '95030');
insert into advisor values('37219', '72553');
insert into advisor values('59530', '50885');
insert into advisor values('61737', '36897');
insert into advisor values('33645', '81991');
insert into advisor values('3143', '63395');
insert into advisor values('78792', '72553');
insert into advisor values('10076', '6569');
insert into advisor values('59553', '80759');
insert into advisor values('57666', '48507');
insert into advisor values('22004', '78699');
insert into advisor values('38668', '97302');
insert into advisor values('43130', '4034');
insert into advisor values('36263', '4034');
insert into advisor values('99271', '28400');
insert into advisor values('69850', '3335');
insert into advisor values('59397', '16807');
insert into advisor values('61127', '48507');
insert into advisor values('30299', '50330');
insert into advisor values('57962', '81991');
insert into advisor values('88169', '6569');
insert into advisor values('27094', '77346');
insert into advisor values('39115', '6569');
insert into advisor values('84189', '28097');
insert into advisor values('79892', '99052');
insert into advisor values('95046', '96895');
insert into advisor values('34386', '74426');
insert into advisor values('61354', '42782');
insert into advisor values('10481', '19368');
insert into advisor values('39310', '63395');
insert into advisor values('16297', '16807');
insert into advisor values('53588', '81991');
insert into advisor values('107', '15347');
insert into advisor values('11453', '97302');
insert into advisor values('53805', '74420');
insert into advisor values('39241', '95030');
insert into advisor values('32886', '57180');
insert into advisor values('40080', '95709');
insert into advisor values('22142', '79653');
insert into advisor values('94257', '48570');
insert into advisor values('75513', '74420');
insert into advisor values('99268', '95030');
insert into advisor values('20084', '16807');
insert into advisor values('51868', '52647');
insert into advisor values('7287', '14365');
insert into advisor values('35588', '48570');
insert into advisor values('83170', '15347');
insert into advisor values('14596', '79081');
insert into advisor values('23794', '90376');
insert into advisor values('78332', '41930');
insert into advisor values('49339', '41930');
insert into advisor values('40677', '95030');
insert into advisor values('90220', '95709');
insert into advisor values('95029', '48570');
insert into advisor values('83728', '3335');
insert into advisor values('67033', '63287');
insert into advisor values('70359', '6569');
insert into advisor values('18234', '34175');
insert into advisor values('34322', '41930');
insert into advisor values('24325', '79653');
insert into advisor values('83444', '64871');
insert into advisor values('93814', '35579');
insert into advisor values('80912', '74420');
insert into advisor values('70099', '3335');
insert into advisor values('64945', '97302');
insert into advisor values('81789', '48570');
insert into advisor values('38271', '79081');
insert into advisor values('87784', '57180');
insert into advisor values('46436', '50885');
insert into advisor values('20195', '96895');
insert into advisor values('31080', '31955');
insert into advisor values('85887', '74426');
insert into advisor values('85234', '4233');
insert into advisor values('1460', '43779');
insert into advisor values('30650', '43779');
insert into advisor values('6474', '78699');
insert into advisor values('67051', '95709');
insert into advisor values('58300', '31955');
insert into advisor values('64192', '50330');
insert into advisor values('84727', '96895');
insert into advisor values('39881', '72553');
insert into advisor values('3163', '72553');
insert into advisor values('72643', '37687');
insert into advisor values('66008', '74426');
insert into advisor values('76291', '25946');
insert into advisor values('92274', '37687');
insert into advisor values('16075', '73623');
insert into advisor values('30334', '6569');
insert into advisor values('75123', '48570');
insert into advisor values('35042', '97302');
insert into advisor values('99073', '37687');
insert into advisor values('68280', '35579');
insert into advisor values('80976', '19368');
insert into advisor values('68554', '72553');
insert into advisor values('99949', '16807');
insert into advisor values('71287', '52647');
insert into advisor values('73268', '74420');
insert into advisor values('93708', '58558');
insert into advisor values('29399', '50330');
insert into advisor values('14284', '80759');
insert into advisor values('80247', '3199');
insert into advisor values('86344', '4233');
insert into advisor values('54728', '6569');
insert into advisor values('86375', '22591');
insert into advisor values('64401', '48507');
insert into advisor values('9183', '63287');
insert into advisor values('71529', '15347');
insert into advisor values('65433', '58558');
insert into advisor values('89051', '81991');
insert into advisor values('90448', '31955');
insert into advisor values('90082', '90643');
insert into advisor values('25362', '48570');
insert into advisor values('74509', '79081');
insert into advisor values('20445', '74426');
insert into advisor values('40059', '4034');
insert into advisor values('60867', '63287');
insert into advisor values('28128', '74420');
insert into advisor values('28518', '97302');
insert into advisor values('17086', '16807');
insert into advisor values('91132', '63287');
insert into advisor values('29260', '57180');
insert into advisor values('29707', '59795');
insert into advisor values('85746', '4034');
insert into advisor values('54605', '4034');
insert into advisor values('78922', '79653');
insert into advisor values('76173', '3335');
insert into advisor values('6304', '22591');
insert into advisor values('98120', '16807');
insert into advisor values('6195', '37687');
insert into advisor values('33837', '78699');
insert into advisor values('86833', '95030');
insert into advisor values('28829', '6569');
insert into advisor values('82974', '95709');
insert into advisor values('39114', '96895');
insert into advisor values('53485', '15347');
insert into advisor values('8603', '65931');
insert into advisor values('7973', '58558');
insert into advisor values('34502', '31955');
insert into advisor values('69853', '28400');
insert into advisor values('70389', '37687');
insert into advisor values('75423', '6569');
insert into advisor values('26881', '59795');
insert into advisor values('19848', '28097');
insert into advisor values('5017', '37687');
insert into advisor values('33094', '14365');
insert into advisor values('25468', '4233');
insert into advisor values('75928', '6569');
